levels,"['a', 'b', 'c', 'd', 'e', 'f', 'g', 'h', 'i', 'j', 'k', 'l', 'm', 'n', 'o', 'p', 'q', 'r', 's', 't', 'u', 'v', 'w', 'x', 'y', 'z']",segment_id,segment_size
1,"[3.315700054168701, 0.3384999930858612, 1.0134999752044678, 0.6126000285148621, 0.9251999855041504, 0.6151999831199646, 0.762499988079071, 0.0, 3.716599941253662, 0.0, 0.4341999888420105, 1.9048999547958374, 0.0, 3.4102001190185547, 4.1682000160217285, 0.4999000132083893, 0.0, 1.316499948501587, 7.400599956512451, 0.25, 2281743.25, 3.3189001083374023, 6.367800235748291, 1601259.0, 55112.46875, 61114.1953125]",0,23413
4,"[2.8213000297546387, 1.7024999856948853, 1.9296000003814697, 1.0075000524520874, 2.053299903869629, 3.2727999687194824, 0.0, 1.1384999752044678, 7.638299942016602, 5.180200099945068, 1.50600004196167, 4.0100998878479, 1.844499945640564, 0.38119998574256897, 5.067200183868408, 2.7548000812530518, 0.0, 3.912899971008301, 0.0, 3.695199966430664, 861929.75, 1.0898000001907349, 1.4953999519348145, 707934.4375, 1.3020999431610107, 0.29280000925064087]",1,23413
7,"[1.5887000560760498, 5.119100093841553, 2.2888998985290527, 0.5218999981880188, 2.0769999027252197, 4.918799877166748, 1.9169000387191772, 3.7455999851226807, 9.187700271606445, 3.1119000911712646, 0.3612000048160553, 5.85699987411499, 5.200699806213379, 0.0, 3.717400074005127, 3.585099935531616, 0.9368000030517578, 7.46560001373291, 4.248600006103516, 0.6424999833106995, 9.740500450134277, 0.9388999938964844, 4.642199993133545, 7.384399890899658, 0.5238000154495239, 0.4074000120162964]",2,23413
all,"[7.7256999015808105, 7.160099983215332, 5.23199987411499, 2.1419999599456787, 5.055500030517578, 8.80679988861084, 2.6793999671936035, 4.884099960327148, 20.542600631713867, 8.292099952697754, 2.3013999462127686, 11.772000312805176, 7.045199871063232, 3.7913999557495117, 12.952799797058105, 6.839799880981445, 0.9368000030517578, 12.694999694824219, 11.649200439453125, 4.587699890136719, 3143682.75, 5.347599983215332, 12.505399703979492, 2309200.75, 55114.29296875, 61114.89453125]",2,23413
