levels,"['a', 'b', 'c', 'd', 'e', 'f', 'g', 'h', 'i', 'j', 'k', 'l', 'm', 'n', 'o', 'p', 'q', 'r', 's', 't', 'u', 'v', 'w', 'x', 'y', 'z']",segment_id,segment_size
1,"[0.5113000273704529, 0.7425000071525574, 5.354800224304199, 1.5958000421524048, 0.6146000027656555, 5.393799781799316, 1.562600016593933, 2.105799913406372, 345776.125, 0.8079000115394592, 3.858299970626831, 8.963000297546387, 2.7651000022888184, 0.22840000689029694, 5.7307000160217285, 1.0542000532150269, 1.416599988937378, 6.712500095367432, 0.19140000641345978, 0.8428000211715698, 24.537799835205078, 2.620300054550171, 1.2776999473571777, 229946.875, 27.032699584960938, 97339.765625]",0,28599
4,"[0.8686000108718872, 11.96619987487793, 15.161399841308594, 8.611800193786621, 11.758299827575684, 22.052400588989258, 2.007499933242798, 7.03980016708374, 20.465599060058594, 11.10669994354248, 4.770999908447266, 12.819199562072754, 5.9019999504089355, 2.3714001178741455, 20.6564998626709, 8.309900283813477, 2.211699962615967, 14.906299591064453, 4.56820011138916, 6.8317999839782715, 71.62670135498047, 10.977999687194824, 2.9260001182556152, 70.19159698486328, 1.009600043296814, 2.47760009765625]",1,28599
7,"[0.0, 7.109000205993652, 8.890199661254883, 2.3515000343322754, 14.302499771118164, 10.871999740600586, 4.45419979095459, 23.045700073242188, 17.30820083618164, 13.048700332641602, 4.518099784851074, 4.619800090789795, 8.70930004119873, 1.2918000221252441, 14.885000228881836, 18.006200790405273, 2.3996999263763428, 11049.77734375, 1.6080000400543213, 6.803299903869629, 25.572900772094727, 2.4979000091552734, 1.2733999490737915, 17.90060043334961, 3.5218000411987305, 2.079200029373169]",2,28599
all,"[1.3798999786376953, 19.817699432373047, 29.406400680541992, 12.559100151062012, 26.675399780273438, 38.318199157714844, 8.024299621582031, 32.19129943847656, 345813.90625, 24.963300704956055, 13.14739990234375, 26.402000427246094, 17.376399993896484, 3.8915998935699463, 41.27220153808594, 27.37030029296875, 6.0279998779296875, 11071.396484375, 6.367599964141846, 14.477899551391602, 121.73739624023438, 16.096200942993164, 5.477099895477295, 230035.0, 31.56410026550293, 97344.3203125]",2,28599
